0,1,2,3,4,5,6,7
0,True,02-С-2009,Саморегулируемая организация Союз «Межрегиональное объединение организаций специального строительства»,"129164, г. Москва, ул. Маломосковская, д. 10, эт. 4, пом. 13",Москва,Москва,344
1,True,СРО-С-002-18032009,Ассоциация «Саморегулируемая организация «Межрегиональное объединение строителей»,"117588, Москва, ул. Тарусская, д. 10",Москва,Москва,69
2,True,СРО-С-003-22042009,Саморегулируемая организация Ассоциация «Объединение строителей Санкт-Петербурга»,"190000, Санкт-Петербург, Адмиралтейская наб., д. 10, лит. А, пом. 1-Н",Санкт-Петербург,Санкт-Петербург,70
3,True,СРО-С-004-28042009,Ассоциация региональное отраслевое объединение работодателей «Саморегулируемая организация «Алтайские строители»,"656043, Алтайский край, г. Барнаул, просп. Ленина, д. 23",Алтайский край,Сибирский ФО,71
4,True,СРО-С-005-28042009,Ассоциация  саморегулируемая организация  «Строители Черноземья»,"394036, г. Воронеж, ул. Фридриха Энгельса, д. 33б",Воронежская область,Центральный ФО,72
5,True,СРО-С-006-08052009,Региональное объединение работодателей «Союз «Саморегулируемая организация «Региональное объединение строителей Кубани»,"350051, Краснодарский край, г. Краснодар, ул. Дзержинского, д. 93/2",Краснодарский край,Южный ФО,73
6,True,СРО-С-007-14052009,Ассоциация - региональное отраслевое объединение работодателей «Саморегулируемая организация «Строительный Комплекс Вологодчины»,"162609, Вологодская область, г. Череповец, ул. Городецкая, д. 1, офис 8",Вологодская область,Северо-Западный ФО,74
7,True,СРО-С-008-19052009,Саморегулируемая организация Ассоциация компаний строительного комплекса «СОЮЗПЕТРОСТРОЙ-СТАНДАРТ»,"199034, г. Санкт-Петербург, линия 13-я В.О., дом 6-8, литер А, офис 34-35",Санкт-Петербург,Санкт-Петербург,75
8,True,СРО-С-009-22052009,Союз «Первая национальная организация строителей»,"107078, РОССИЯ, Г. МОСКВА, МУНИЦИПАЛЬНЫЙ ОКРУГ КРАСНОСЕЛЬСКИЙ ВН.ТЕР.Г., НОВАЯ БАСМАННАЯ УЛ., Д. 23Б, СТР. 20, ЭТАЖ 1, ПОМЕЩ. 104",Москва,Москва,76
9,False,СРО-С-010-28052009,Ассоциация саморегулируемая организация «Балтийский строительный комплекс»,"190103, г. Санкт-Петербург, Рижский проспект, дом 3, литер Б, 2 этаж, помещение 9",Санкт-Петербург,Санкт-Петербург,77
10,True,СРО-С-011-28052009,Ассоциация «Саморегулируемая корпорация строителей Красноярского края»,"660049, г. Красноярск, ул. Ленина, д. 5а, пом. 86",Красноярский край,Сибирский ФО,78
11,True,СРО-С-012-04062009,Ассоциация «Саморегулируемая организация «Строители Белгородской области»,"308036, г. Белгород, ул. Губкина, д. 48, корп. А",Белгородская область,Центральный ФО,79
12,True,СРО-С-013-11062009,Союз «Саморегулируемая организация строителей Камчатки»,"683031, г. Петропавловск-Камчатский, пр. Карла Маркса, д. 35, каб. 403",Камчатский край,Дальневосточный ФО,80
13,True,СРО-С-014-23062009,Ассоциация Саморегулируемая организация «Содружество строителей Республики Татарстан»,"420138, Республика Татарстан, г. Казань, Оренбургский тракт, 162а",Республика Татарстан,Приволжский ФО,81
14,True,СРО-С-015-25062009,Союз «Саморегулируемая организация строителей Тюменской области»,"625002, г. Тюмень, ул. Циолковского, д. 1",Тюменская область,Уральский ФО,82
15,True,СРО-С-016-30062009,"Саморегулируемая организация Ассоциация «Объединение организаций, выполняющих строительство, реконструкцию, капитальный ремонт объектов атомной отрасли «СОЮЗАТОМСТРОЙ»","119017, г. Москва, ул. Большая Ордынка, д. 29, стр. 1, этаж 2, офис 204",Москва,Москва,83
16,True,СРО-С-017-02072009,Саморегулируемая организация «Союз дорожно-транспортных строителей «СОЮЗДОРСТРОЙ»,"117485, Г.МОСКВА, ВН.ТЕР.Г. МУНИЦИПАЛЬНЫЙ ОКРУГ КОНЬКОВО, УЛ ПРОФСОЮЗНАЯ, Д. 84/32, К. 1, ПОМЕЩ. IX, КОМ. 5",Москва,Москва,84
17,True,СРО-С-018-16072009,Ассоциация в области строительства «Саморегулируемая организация «АЛЬЯНС СТРОИТЕЛЕЙ»,"105187, г. Москва, Окружной проезд, дом 18, корп. А, 4 этаж, комната 14",Москва,Москва,85
18,True,СРО-С-019-06072009,Ассоциация Региональное отраслевое объединение работодателей «Сахалинское Саморегулируемое Объединение Строителей»,"693000, Сахалинская область, г. Южно-Сахалинск, ул. Карла Маркса, д. 20, оф. 201",Сахалинская область,Дальневосточный ФО,86
19,True,СРО-С-020-22072009,Ассоциация «Объединение генеральных подрядчиков в строительстве»,"119049, г. Москва, ул. Коровий Вал, д. 9",Москва,Москва,87
20,True,СРО-С-021-23072009,Саморегулируемая организация «Союз строителей Омской области»,"644007, г. Омск, ул. Яковлева, д. 181",Омская область,Сибирский ФО,88
21,True,СРО-С-022-27072009,Ассоциация Региональное отраслевое объединение работодателей «Саморегулируемая организация строителей Байкальского региона»,"664075, г. Иркутск, ул. Байкальская, д. 180а, оф. 8",Иркутская область,Сибирский ФО,89
22,False,СРО-С-023-05082009,Ассоциация строителей Саморегулируемая организация «Реконструкция и Строительство»,"105203, г. Москва, ул. 15-я Парковая, д. 10А",Москва,Москва,90
23,True,СРО-С-024-06082009,Саморегулируемая организация Ассоциация «Альянс строителей Оренбуржья»,"460060, г. Оренбург, проезд Северный, д. 10/1",Оренбургская область,Приволжский ФО,91
24,True,СРО-С-025-10082009,Ассоциация Саморегулируемая организация работодателей «Союз строителей Республики Башкортостан»,"450008, Республика Башкортостан, г.Уфа, ул. Кирова, д. 1, оф. 421",Республика Башкортостан,Приволжский ФО,92
25,True,СРО-С-026-11082009,Ассоциация саморегулируемая организация «Объединение строительно-монтажных организаций»,"398050, г. Липецк, ул. Желябова, д. 14а",Липецкая область,Центральный ФО,93
26,True,СРО-С-027-12082009,Ассоциация «Саморегулируемая организация «СредВолгСтрой»,"443080, г. Самара, ул. Московское шоссе, д.55",Самарская область,Приволжский ФО,94
27,True,СРО-С-028-17082009,Ассоциация Саморегулируемая организация Межрегиональное отраслевое объединение работодателей «Гильдия строителей Северо-Кавказского федерального округа»,"367015, г. Махачкала, пр-кт. Али-Гаджи Акушинского, д. 98е",Республика Дагестан,Северо-Кавказский ФО,95
28,True,СРО-С-029-18082009,Ассоциация «Саморегулируемая организация «Самарская гильдия строителей»,"443010, г. Самара, ул. Чапаевская, д. 174",Самарская область,Приволжский ФО,96
29,True,СРО-С-030-24082009,Союз Строительных компаний Урала и Сибири,"454092, Челябинск, ул. Елькина, д. 84, 3 этаж",Челябинская область,Уральский ФО,97
30,True,СРО-С-031-25082009,Саморегулируемая организация Ассоциация «Объединение строителей Южного и Северо-Кавказского округов»,"344010, г. Ростов-на-Дону, ул. Красноармейская, д. 145, офис 301",Ростовская область,Южный ФО,98
31,True,СРО-С-032-31082009,Саморегулируемая организация Ассоциация «Томские строители»,"634029, г. Томск, проспект Фрунзе, 18, а/я 3312",Томская область,Сибирский ФО,99
32,True,СРО-С-033-03092009,Ассоциация «Саморегулируемое региональное отраслевое объединение работодателей «Объединение нижегородских строителей»,"603006,  Нижегородская область, г. Нижний Новгород,  ул. Володарского, д. 40, пом. П10",Нижегородская область,Приволжский ФО,100
33,False,СРО-С-034-04092009,Ассоциация «Саморегулируемая организация «Межрегиональный Альянс Строительных Предприятий»,"400074, г. Волгоград, ул. Грушевская, 12",Волгоградская область,Южный ФО,101
34,True,СРО-С-035-09092009,Союз «Строители Московской области «Мособлстройкомплекс»,"141700, Московская область , г. Долгопрудный, просп. Пацаева, д. 7, корп. 10",Московская область,Центральный ФО,102
35,True,СРО-С-036-11092009,Ассоциация  «СТОЛИЧНОЕ СТРОИТЕЛЬНОЕ ОБЪЕДИНЕНИЕ» САМОРЕГУЛИРУЕМАЯ ОРГАНИЗАЦИЯ,"119991, г. Москва, ул. Льва Толстого, д. 5/1, стр. 1; Почтовый адрес: 119021, г.Москва, АССОЦИАЦИЯ «ССО» СРО, а/я №10.",Москва,Москва,103
36,False,СРО-С-037-11092009,Ассоциация Саморегулируемая организация в области строительства «Центрстройэкспертиза-статус»,"105082, г. Москва, Спартаковская площадь, д. 14, стр. 3, эт/ком/оф 2/9/6.",Москва,Москва,104
37,True,СРО-С-038-15092009,"Ассоциация по защите прав и законных интересов лиц, осуществляющих строительство, саморегулируемая организация «ЦЕНТРРЕГИОН»","109004, г. Москва, Земляной Вал, д. 64, стр. 2",Москва,Москва,105
38,True,СРО-С-039-18092009,Саморегулируемая организация Ассоциация строительных компаний «Межрегиональный строительный комплекс»,"105082, Г.Москва, ВН.ТЕР.Г. МУНИЦИПАЛЬНЫЙ ОКРУГ БАСМАННЫЙ, УЛ БАКУНИНСКАЯ, Д. 96-98, СТР. 1, ЭТАЖ 2, ПОМЕЩ. I",Москва,Москва,106
39,True,СРО-С-040-23092009,Ассоциация Некоммерческое партнерство «Саморегулируемая организация «Строительный союз Калининградской области»,"236022, Калининградская область, г. Калининград, ул. Космонавта Пацаева, д. 6 А, офис 1",Калининградская область,Северо-Западный ФО,107
40,False,СРО-С-041-24092009,Саморегулируемая организация Ассоциация строителей нефтегазовых объектов «Нефтегазстрой»,"119571, г. Москва, ул. Академика Анохина, д. 11",Москва,Москва,108
41,True,СРО-С-042-25092009,"Ассоциация содействия развитию строительного комплекса и свободного предпринимательства в сфере строительства «Столица», саморегулируемая организация строителей","123056, г. Москва, Электрический пер., д. 8, стр. 5",Москва,Москва,109
42,False,СРО-С-043-28092009,Ассоциация саморегулируемая организация «Объединение железнодорожных строителей»,"191040, г. Санкт-Петербург, ул. Марата, д. 42",Санкт-Петербург,Санкт-Петербург,110
43,True,СРО-С-044-29092009,Ассоциация Региональное отраслевое объединение работодателей «Саморегулируемая организация Строителей Сибирского региона»,"630102, г. Новосибирск, ул. 9-ого Ноября, д. 14,  Почтовый адрес: 630102, г. Новосибирск, а/я 2",Новосибирская область,Сибирский ФО,111
44,True,СРО-С-045-05102009,Саморегулируемая организация Ассоциация «Капитальный ремонт и строительство»,"107014, г. Москва, ул. Бабаевская, д. 6",Москва,Москва,112
45,True,СРО-С-046-06102009,Ассоциация саморегулируемая организация «Строители Свердловской области»,"620062, г. Екатеринбург, пр. Ленина, 97А, оф. 400",Свердловская область,Уральский ФО,113
46,False,СРО-С-047-07102009,Саморегулируемая организация Союз «Строительное региональное объединение»,"350088, Российская Федерация г. Краснодар, ул. Сормовская, 204/6",Краснодарский край,Южный ФО,114
47,True,СРО-С-048-12102009,Союз строителей «Газораспределительная система. Строительство»,"192019, ГОРОД САНКТ-ПЕТЕРБУРГ, УЛИЦА СЕДОВА, ДОМ 11, ЛИТЕР А, ПОМЕЩЕНИЕ 412",Санкт-Петербург,Санкт-Петербург,115
48,False,СРО-С-049-14102009,"Ассоциация ""Саморегулируемая организация ""Первая гильдия строителей""","644043, г. Омск, ул. Фрунзе, д. 1, корп. 4",Омская область,Сибирский ФО,116
49,True,СРО-С-050-20102009,Саморегулируемая организация «Союз строителей Югры»,"628011, г. Ханты-Мансийск, ул. Светлая, д. 67",Ханты-Мансийский автономный округ - Югра,Уральский ФО,117
50,True,СРО-С-051-21102009,Ассоциация строительных организаций Кемеровской области саморегулируемая организация «ГЛАВКУЗБАССТРОЙ»,"650000, Кемеровская обл., г. Кемерово, ул. Притомская Набережная, д. 19а, пом. 1",Кемеровская область,Сибирский ФО,118
51,True,СРО-С-052-22102009,"Ассоциация Саморегулируемая организация в области строительства, реконструкции, капитального ремонта объектов капитального строительства  «ЖИЛИЩНЫЙ КОМПЛЕКС»","660017, Красноярский край, г. Красноярск, ул. Диктатуры Пролетариата, д. 32, пом. 32",Красноярский край,Сибирский ФО,119
52,True,СРО-С-053-23102009,Саморегулируемая организация Ассоциация «Строители Хакасии»,"655017, респ. Хакасия, г. Абакан, ул. Кирова, д. 112, корп.2, пом.63Н, 2 этаж",Республика Хакасия,Сибирский ФО,120
53,True,СРО-С-054-26102009,Ассоциация строительных организаций «Саморегулируемая организация «Инжспецстрой»,"197374, Санкт-Петербург, Муниципальный округ № 65 вн.тер.г., пр-кт Приморский, д. 78, к. 2, стр. 1, помещ. 104-Н",Санкт-Петербург,Санкт-Петербург,121
54,False,СРО-С-055-26102009,Союз саморегулируемая организация «Объединение инженеров строителей»,"107023, г. Москва, пл. Журавлева, д. 2, стр. 2, этаж 5, пом. 1",Москва,Москва,122
55,True,СРО-С-056-28102009,Саморегулируемая организация СОЮЗ «Содружество строителей»,"443110, г. Самара, ул. Лесная, д. 23",Самарская область,Приволжский ФО,123
56,False,СРО-С-057-30102009,Ассоциация «Объединение Саратовских строителей (СРО)»,"410004, г. Саратов, ул. Астраханская, д. 43",Саратовская область,Приволжский ФО,124
57,True,СРО-С-058-03112009,Ассоциация Саморегулируемая организация «Тамбовские строители»,"392000, г. Тамбов, ул. Московская, д. 19",Тамбовская область,Центральный ФО,125
58,True,СРО-С-059-05112009,Ассоциация «Нижегородское объединение строительных организаций»,"603000, Нижегородская обл., г.Нижний Новгород, ул.Большая Покровская, дом 15, пом.7",Нижегородская область,Приволжский ФО,126
59,True,СРО-С-060-05112009,"Союз – «Саморегулируемая организация –  «Объединение организаций, осуществляющих строительство, реконструкцию, капитальный ремонт и снос энергетических объектов, сетей и подстанций «ЭНЕРГОСТРОЙ»","119334, г. Москва, 5-й Донской проезд, дом 21 Б, стр. 10,этаж 5, пом. I, ком.7",Москва,Москва,127
60,True,СРО-С-061-06112009,Союз «Саморегулируемая организация «Краснодарские строители»,"350033, г. Краснодар, ул. им. Суворова, д. 129, пом. 6",Краснодарский край,Южный ФО,128
61,True,СРО-С-062-06112009,Общероссийское межотраслевое объединение работодателей – Союз строителей объектов связи и информационных технологий «СтройСвязьТелеком»,"123103, г. Москва, пр-т Маршала Жукова, д. 78, корп. 2, эт. 1, комн. 180",Москва,Москва,129
62,True,СРО-С-063-09112009,Ассоциация Саморегулируемая организация «Центр развития строительства»,"191025, Санкт-Петербург, ул. Маяковского, д. 3Б, лит. А, помещ. 8-Н (16)",Санкт-Петербург,Санкт-Петербург,130
63,True,СРО-С-064-09112009,"Саморегулируемая организация Ассоциация «Объединение строителей подземной, инженерной и транспортной инфраструктуры»","192102, Санкт-Петербург, ул. Фучика, д.4, лит.К, пом.16Н",Санкт-Петербург,Санкт-Петербург,131
64,True,СРО-С-065-11112009,Ассоциация «Объединение строителей в области мелиорации и водного хозяйства»,"143007, Московская область, г. Одинцово, ул. Молодежная, д. 46, эт. 6, оф. 613",Московская область,Центральный ФО,132
65,True,СРО-С-066-11112009,Ассоциация саморегулируемая организация в строительстве «Строители Липецкой области»,"398043, г. Липецк, ул. Гагарина, д. 108",Липецкая область,Центральный ФО,133
66,True,СРО-С-067-11112009,Ассоциация Региональное отраслевое объединение работодателей «Саморегулируемая организация «Союз строителей Якутии»,"677027, Российская Федерация, Республика Саха (Якутия), г. Якутск, ул. Кирова, дом 18, блок В, офис 1107",Республика Саха (Якутия),Дальневосточный ФО,134
67,True,СРО-С-068-16112009,Ассоциация «Объединение профессиональных строителей «РусСтрой»,"105066, г. Москва, ул. Ольховская, д. 45 к. 1",Москва,Москва,135
68,True,СРО-С-069-16112009,Союз монтажников инженерных систем зданий и сооружений,"129281,  Г.  МОСКВА, ВН.ТЕР.Г. МУНИЦИПАЛЬНЫЙ ОКРУГ  БАБУШКИНСКИЙ, УЛ.  ЕНИСЕЙСКАЯ, ДЛВД. 36, СТР. 14, ПОМЕЩ. I, ЭТАЖ 1, КОМ.15",Москва,Москва,136
69,True,СРО-С-070-16112009,Ассоциация «Саморегулируемая организация строителей Новгородской области «Стройбизнесинвест»,"173001, Новгородская область, Великий Новгород, ул.Стратилатовская, 17 (3 этаж)",Новгородская область,Северо-Западный ФО,137
70,False,СРО-С-071-17112009,Ассоциация саморегулируемая организация «Управление строительными предприятиями Петербурга»,"195112, Санкт-Петербург, Малоохтинский пр., д. 8, лит. А, пом. 7-Н",Санкт-Петербург,Санкт-Петербург,138
71,True,СРО-С-072-19112009,Ассоциация «Саморегулируемая организация «Тверское объединение строителей»,"170034, г. Тверь, проспект Победы, д. 7",Тверская область,Центральный ФО,139
72,True,СРО-С-073-20112009,Саморегулируемая организация Союз «Строители Ямало-Ненецкого автономного округа»,"629007, Ямало-Ненецкий автономный округ, г. Салехард, ул. Республики, д. 10",Ямало-Ненецкий автономный округ,Уральский ФО,140
73,True,СРО-С-074-20112009,Ассоциация «Саморегулируемая организация «Союз дорожников и строителей Курской области»,"305003, г. Курск, ул. Бойцов 9-й Дивизии, 179а",Курская область,Центральный ФО,141
74,True,СРО-С-075-20112009,Саморегулируемая организация Ассоциация «Строители оборонного и энергетического комплексов»,"117420, г. Москва, ул. Намёткина, 10А корп. 1",Москва,Москва,142
75,True,СРО-С-076-23112009,Ассоциация «Новосибирские строители»,"630004, г. Новосибирск, ул. Вокзальная магистраль, 10, оф. 1",Новосибирская область,Сибирский ФО,143
76,True,СРО-С-077-23112009,Ассоциация «Саморегулируемая региональная организация строителей Северного Кавказа»,"355004, г. Ставрополь, ул. Мира, д. 274, офис 5",Ставропольский край,Северо-Кавказский ФО,144
77,True,СРО-С-078-24112009,Саморегулируемая организация Забайкальская Ассоциация строительных организаций,"672012, Забайкальский край, г. Чита, ул. Курнатовского, д. 71, корп. 3, пом. 2",Забайкальский край,Дальневосточный ФО,145
78,True,СРО-С-079-25112009,Ассоциация дорожно-строительных компаний Саморегулируемая организация «Капитальный ремонт и благоустройство»,"115162, г. Москва, вн.тер.г. Муниципальный округ Даниловский, Хавская ул., д. 11, помещ. II, ком. 2, 3",Москва,Москва,146
79,True,СРО-С-080-26112009,Ассоциация «Саморегулируемая организация «Строители Тульской области»,"300012, г. Тула, ул. Михеева, д. 17, оф. 601 пк",Тульская область,Центральный ФО,147
80,True,СРО-С-081-27112009,Ассоциация саморегулируемая организация «Объединение строителей Кировской области»,"610017, г. Киров, ул. М. Гвардии, д. 90",Кировская область,Приволжский ФО,148
81,True,СРО-С-082-27112009,Саморегулируемая организация Союз строителей «Западуралстрой»,"614007, г. Пермь, ул. Николая Островского, дом 59, офис 405",Пермский край,Приволжский ФО,149
82,True,СРО-С-083-27112009,Ассоциация «Саморегулируемая организация «Союз Стройиндустрии Свердловской области» (Региональное Отраслевое Объединение Работодателей),"620075, г. Екатеринбург, ул. Мамина-Сибиряка, д. 101, оф. 4.54",Свердловская область,Уральский ФО,150
83,True,СРО-С-084-27112009,Саморегулируемая организация Ассоциация строителей газового и нефтяного комплексов,"117393, г. Москва, ул. Профсоюзная, д. 56, этаж/комн. 19/55",Москва,Москва,151
84,False,СРО-С-085-27112009,"Ассоциация строительных компаний ""Саморегулируемая организация ""Межрегиональный строительный альянс ""Единство""","115114, г. Москва, ул. Летниковская, д. 10, стр. 2, 4 этаж",Москва,Москва,152
85,True,СРО-С-086-27112009,Ассоциация Саморегулируемая организация «Объединение строителей Республики Коми»,"167031, Республика Коми, г. Сыктывкар, Интернациональная, д. 32.",Республика Коми,Северо-Западный ФО,153
86,False,СРО-С-087-27112009,Ассоциация Саморегулируемая организация «Объединение строителей «Волга»,"410056, г. Саратов, ул. Ульяновская, д. 27/35",Саратовская область,Приволжский ФО,154
87,True,СРО-С-088-30112009,Саморегулируемая организация Союз «Строители Республики Дагестан»,"367000, Республика Дагестан, г. Махачкала, ул. Портовское Шоссе, д. 5",Республика Дагестан,Северо-Кавказский ФО,155
88,True,СРО-С-089-27112009,Саморегулируемая организация Ассоциация строительных организаций «ЭнергоСтройАльянс»,"108811, г. Москва, п. Московский, Киевское шоссе, 22-й км, домовл. 4, стр. 2, эт. 9, блок Г, оф. 900 Г",Москва,Москва,156
89,True,СРО-С-090-27112009,Ассоциация саморегулируемая организация «Дальневосточное объединение строителей»,"680038, г. Хабаровск,ул. Тургенева, д. 96, корп.3",Хабаровский край,Дальневосточный ФО,157
90,False,СРО-С-091-30112009,Ассоциация строителей «Центр развития Строительства «ОборонСтрой»,"119071, г. Москва, ул. Орджоникидзе, д. 10 (комн. №№ 14, 15, 17-20, 24; 19).",Москва,Москва,158
91,True,СРО-С-092-30112009,Саморегулируемая организация «Ассоциация строителей Мордовии»,"430005, Республика Мордовия, г. Саранск, ул. Кавказская, д. 1/2, пом. 2",Республика Мордовия,Приволжский ФО,159
92,True,СРО-С-093-30112009,Ассоциация «Саморегулируемая организация «Строители Ленинградской области»,"187320, Ленинградская область, г.Шлиссельбург, улица Красный тракт, д.1",Ленинградская область,Северо-Западный ФО,160
93,True,СРО-С-094-02122009,Ассоциация саморегулируемая организация Ярославской области «ГЛАВВЕРХНЕВОЛЖСКСТРОЙ»,"150023, г. Ярославль, ул. Курчатова, д. 3",Ярославская область,Центральный ФО,161
94,True,СРО-С-095-02122009,Ассоциация «Объединение строительных организаций среднего и малого бизнеса»,"143007, Московская область, Одинцовский район, г. Одинцово, ш. Можайское, дом 83А",Московская область,Центральный ФО,162
95,True,СРО-С-096-02122009,Ассоциация Саморегулируемая организация «Региональный строительный союз Республики Башкортостан»,"450005, Республика Башкортостан, г. Уфа, ул. 50 лет Октября, д. 24",Республика Башкортостан,Приволжский ФО,163
96,True,СРО-С-097-04122009,Ассоциация «Объединение строительных организаций Восточной Сибири»,"677027, Республика Саха, г.Якутск, ул.Орджоникидзе, д. 46, корп. 2, помещение 308",Республика Саха (Якутия),Дальневосточный ФО,164
97,True,СРО-С-098-04122009,Саморегулируемая организация Ассоциация Строителей «Профессиональное сообщество строителей»,"350002, г. Краснодар, ул. Северная, д. 490, офис 1/3",Краснодарский край,Южный ФО,165
98,False,СРО-С-099-04122009,Саморегулируемая организация Некоммерческое партнерство «Объединение энергостроителей»,"129626, Москва, Проспект Мира, д. 104 (5 этаж)",Москва,Москва,166
99,True,СРО-С-100-07122009,Ассоциация Саморегулируемая организация «Строитель»,"426063, Удмуртская Республика , г. Ижевск, ул. Воровского, д.106",Удмуртская Республика,Приволжский ФО,167
100,False,СРО-С-101-07122009,"Ассоциация компаний, осуществляющих строительство «Саморегулируемая организация «Региональное строительное объединение»","191002, г. Санкт-Петербург, ул. Ломоносова, д. 12/66, лит. А, пом. 9Н",Санкт-Петербург,Санкт-Петербург,168
101,True,СРО-С-102-07122009,Союз «Альянс строителей Московской области»,"143402, Московская обл.,  г. Красногорск, Ильинское шоссе, д. 1А",Московская область,Центральный ФО,169
102,True,СРО-С-103-07122009,Ассоциация саморегулируемая организация «Гильдия строителей Урала»,"620014, г. Екатеринбург, ул. Бориса Ельцина, 1а, оф. 10.5",Свердловская область,Уральский ФО,170
103,True,СРО-С-104-08122009,Ассоциация строителей Саморегулируемая организация «Московский строительный союз»,"123100, г. Москва, ул. Сергея Макеева, д.1, этаж 2, помещение II, комната 23",Москва,Москва,171
104,False,СРО-С-105-08122009,"Ассоциация в области строительства ""Межрегиональная гильдия строителей""","г. Москва,ул. Дербеневская набережная, д.11, Бизнес-Центр Pollars, корпус А, 3 этаж, офис 325А",Москва,Москва,172
105,True,СРО-С-106-08122009,Ассоциация Саморегулируемая организация в области строительства «Аукцион»,"117105, г.  Москва, ул. Варшавское шоссе, д. 1, стр. 1-2, эт. 4, комната 42",Москва,Москва,173
106,True,СРО-С-107-11122009,Ассоциация саморегулируемая организация «Объединение строителей Владимирской области»,"600028, г. Владимир, ул. Балакирева, д. 51 б",Владимирская область,Центральный ФО,174
107,True,СРО-С-108-11122009,Ассоциация «Региональное отраслевое объединение работодателей - Саморегулируемая организация в области строительства «СпецСтройРеконструкция»,"693007, Сахалинская область, г. Южно-Сахалинск, ул. им. Ф.Э.Дзержинского, д. 36, оф. 201, 207, 210",Сахалинская область,Дальневосточный ФО,175
108,True,СРО-С-109-11122009,Ассоциация «Объединение строительных организаций Екатеринбурга и Свердловской области»,"620049, г.Екатеринбург, ул.Первомайская, дом 104, пом.302",Свердловская область,Уральский ФО,176
109,True,СРО-С-110-11122009,Ассоциация Саморегулируемая организация «Объединение смоленских строителей»,"214019 г. Смоленск, ул. Крупской, д. 55А",Смоленская область,Центральный ФО,177
110,True,СРО-С-111-14122009,Саморегулируемая организация Союз «Строители Ростовской области»,"344025, РФ, Ростовская область, г. Ростов-на-Дону, ул. Комсомольская, д. 4-6",Ростовская область,Южный ФО,178
111,True,СРО-С-112-14122009,Ассоциация «Межрегиональное объединение таврических строителей»,"295001, Республика Крым, г.Симферополь, ул.Ленина, дом 19. офис 5",Республика Крым,Южный ФО,179
112,True,СРО-С-113-15122009,Ассоциация Саморегулируемая организация «Объединенные строители»,"115114, г. Москва, набережная Дербеневская, д. 11, этаж/пом. 13/1ш",Москва,Москва,180
113,True,СРО-С-114-16122009,Ассоциация саморегулируемая организация «Ивановское Объединение Строителей»,"153000, Ивановская область , г. Иваново, ул. Крутицкая, д. 20А, 2 этаж",Ивановская область,Центральный ФО,181
114,True,СРО-С-115-16122009,Ассоциация по содействию в строительстве «ПРОФЕССИОНАЛЫ СТРОИТЕЛЬНОГО КОМПЛЕКСА»,"101000, г. Москва, ул. Маросейка, д. 9/2, стр. 6",Москва,Москва,182
115,True,СРО-С-116-16122009,Союз «Саморегулируемая организация «Объединение строителей Приамурья»,"675000, Амурская область, г. Благовещенск, ул.Чайковского, д.3, офис 208, 209",Амурская область,Дальневосточный ФО,183
116,True,СРО-С-117-17122009,Ассоциация Саморегулируемая организация «Енисейский альянс строителей»,"660125 Россия, Красноярский край, г. Красноярск, пр. Комсомольский, д. 22/1, пом.97",Красноярский край,Сибирский ФО,184
117,True,СРО-С-118-17122009,Ассоциация Саморегулируемая организация «Объединение строительных организаций транспортного комплекса»,"129085, г. Москва, проспект Мира, д. 95, стр. 1, эт. 3, пом. 1, ком. 19",Москва,Москва,185
118,True,СРО-С-119-17122009,Саморегулируемая организация Ассоциация строителей малого и среднего бизнеса,"603155, Нижегородская обл., г. Нижний Новгород, ул. Большая Печерская, д. 26",Нижегородская область,Приволжский ФО,186
119,True,СРО-С-120-17122009,Ассоциация саморегулируемая организация «СТРОЙГАРАНТ»,"614000, г. Пермь, ул. Советская, д. 104",Пермский край,Приволжский ФО,187
120,True,СРО-С-121-17122009,Союз «Саморегулируемая организация «Инженерно-строительные предприятия Московской области»,"143402, Московская область, г. Красногорск, ул. Школьная, д. 1",Московская область,Центральный ФО,188
121,False,СРО-С-122-18122009,СОЮЗ «МЕЖДУНАРОДНАЯ ГИЛЬДИЯ ТРАНСПОРТНЫХ СТРОИТЕЛЕЙ»,"129329, г.Москва,  ул.Кольская д.2, корп.6",Москва,Москва,189
122,True,СРО-С-123-18122009,Союз «Строители Кабардино-Балкарской Республики»,"360000, Республика Кабардино-Балкарская, г. Нальчик, ул. Тургенева, д. 21",Кабардино-Балкарская Республика,Северо-Кавказский ФО,190
123,True,СРО-С-124-18122009,Ассоциация «Курская саморегулируемая организация строителей»,"305004, г. Курск, ул. Ленина, д. 77-б, офис № 206-б (2-ой этаж)",Курская область,Центральный ФО,191
124,True,СРО-С-125-21122009,Саморегулируемая организация Ассоциация «Строители Поволжья»,"443035, г. Самара, ул. Мирная, д. 162 Б, 4 этаж",Самарская область,Приволжский ФО,192
125,True,СРО-С-126-21122009,Ассоциация «Саморегулируемая организация «Союз строителей Амурской области»,"675000, Амурская область, г. Благовещенск, пер. Св. Иннокентия, д. 1, офис 47",Амурская область,Дальневосточный ФО,193
126,True,СРО-С-127-21122009,Ассоциация Саморегулируемая организация «Региональное объединение строителей Приморского края»,"690003, Приморский край, г. Владивосток, ул. Станюковича, д. 3, оф. 33",Приморский край,Дальневосточный ФО,194
127,True,СРО-С-128-21122009,Ассоциация - региональное отраслевое объединение работодателей саморегулируемая организация «Астраханские строители»,"414000, г. Астрахань, ул. Ленина/Кирова/Бабушкина, д. 20/29/17, к. 9",Астраханская область,Южный ФО,195
128,True,СРО-С-129-21122009,Саморегулируемая организация «Союз строителей Пермского края»,"614007, г.Пермь, ул.Николая Островского 55/4",Пермский край,Приволжский ФО,196
129,True,СРО-С-130-21122009,Ассоциация работодателей «Саморегулируемая организация «Объединение строительных и монтажных организаций «Стройкорпорация»,"141201, Московская область, г. Пушкино, мкр. Междуречье, ул. Славянская, дом 2. КОМНАТЫ 79/1, 79/3, 84",Московская область,Центральный ФО,197
130,True,СРО-С-131-21122009,Ассоциация «Саморегулируемая организация «Объединенные производители строительных работ»,"196128, Санкт-Петербург, площадь Чернышевского, д. 5, лит. А, пом. 3-Н, оф. 22",Санкт-Петербург,Санкт-Петербург,198
131,True,СРО-С-132-21122009,Саморегулируемая организация Ассоциация инжиниринговых компаний,"672000, Забайкальский край, г. Чита, ул. Бутина, д. 28, оф. 805",Забайкальский край,Дальневосточный ФО,199
132,False,СРО-С-133-21122009,"Ассоциация ""Саморегулируемая организация ""Волгоградские строители""","400074, г. Волгоград, ул. Грушевская, д. 8 пом. 1027 (3 этаж)",Волгоградская область,Южный ФО,200
133,True,СРО-С-134-22122009,Ассоциация Саморегулируемая организация «Альянс строителей Приморья»,"690012, г. Владивосток, ул. Калинина, 42, офис 214",Приморский край,Дальневосточный ФО,201
134,True,СРО-С-135-22122009,Ассоциация саморегулируемая организация  «Объединение Рязанских строителей»,"390006, г. Рязань, ул. Затинная, д.9",Рязанская область,Центральный ФО,202
135,True,СРО-С-136-22122009,Ассоциация «Саморегулируемая организация «ВГАСУ Межрегиональное объединение организаций в системе строительства»,"394061, Воронеж, пр-т Труда 4а",Воронежская область,Центральный ФО,203
136,True,СРО-С-137-22122009,Ассоциация «Саморегулируемая организация «Объединение Строителей Подмосковья»,"140000, Московская область , г. Люберцы, ул. Котельническая, д. 10",Московская область,Центральный ФО,204
137,False,СРО-С-138-22122009,Саморегулируемая организация Ассоциация «Строительный комплекс Волгоградской области»,"400005, г. Волгоград, проспект им. В.И. Ленина, д. 86, офис 321",Волгоградская область,Южный ФО,205
138,True,СРО-С-139-23122009,Ассоциация Саморегулируемая организация «Содействие развитию стройкомплекса Дальнего Востока»,"680000, г. Хабаровск, ул. Лермонтова, д. 52",Хабаровский край,Дальневосточный ФО,206
139,False,СРО-С-140-23122009,Союз «Саморегулируемая организация «Первая Гильдия Строителей»,"191015, г. Санкт-Петербург, ул. Шпалерная, д. 51, литер А, помещение 2-Н, №437",Санкт-Петербург,Санкт-Петербург,207
140,True,СРО-С-141-23122009,Ассоциация строителей «Саморегулируемая организация «ДОРСТРОЙ»,"664009, Иркутская обл., г. Иркутск, ул. Красноярская, д. 31/1, оф. 705",Иркутская область,Сибирский ФО,208
141,True,СРО-С-142-23122009,Ассоциация «Саморегулируемая организация «Строители Чувашии»,"428034, Чувашская Республика, г. Чебоксары, ул. Петра Ермолаева,  дом 1Б, помещение 4,5",Чувашская Республика,Приволжский ФО,209
142,False,СРО-С-143-23122009,Ассоциация Саморегулируемая организация по поддержке малого и среднего бизнеса в области строительства «Стройрегион-Развитие»,"123100, Пресненская набережная, д. 12, эт. 45, пом./ком. 10/6",Москва,Москва,210
143,True,СРО-С-144-23122009,Ассоциация  «Лига строительных организаций»,"197110, г. Санкт-Петербург, ул. Большая Разночинная, д. 14, оф. 301",Санкт-Петербург,Санкт-Петербург,211
144,True,СРО-С-145-23122009,Саморегулируемая организация Союз «Межрегиональное объединение инженерно-строительных предприятий»,"107023, г. Москва, ул. Большая Семеновская, д. 40,стр. 18",Москва,Москва,212
145,False,СРО-С-146-24122009,Союз саморегулируемая организация «Региональная Строительная Ассоциация»,"620142, г. Екатеринбург, ул. 8 Марта, д. 45А, офис 300",Свердловская область,Уральский ФО,213
146,True,СРО-С-147-24122009,Ассоциация Саморегулируемая организация «Межрегиональное объединение строителей «Альянс»,"364906 г. Грозный, Старопромысловское шоссе, д.42.",Чеченская Республика,Северо-Кавказский ФО,214
147,True,СРО-С-148-24122009,Ассоциация «Саморегулируемая организация «Международный альянс строителей»,"109240 г. Москва, ул. Николоямская, д.13 стр.1, этаж 6",Москва,Москва,215
148,True,СРО-С-149-24122009,Саморегулируемая организация Союз Строителей Верхней Волги,"156016, г. Кострома, м/р-н Давыдовский-3, д. 20а",Костромская область,Центральный ФО,216
149,True,СРО-С-150-24122009,Саморегулируемая организация Ассоциация строителей «Стройконсолидация»,"107014, г. Москва, ул. Стромынка, д. 4, стр. 1",Москва,Москва,217
150,True,СРО-С-151-24122009,Ассоциация «Центр объединения строителей «СФЕРА-А»,"191187, г. Санкт-Петербург, ул. Шпалерная, д. 2/4, лит. А, пом. 8-Н, каб. 18",Санкт-Петербург,Санкт-Петербург,218
151,True,СРО-С-152-25122009,Ассоциация Саморегулируемая организация «Объединение строительного комплекса и ЖКХ «Большая Волга»,"440026, Пензенская область, г. Пенза, ул. Кирова, стр. 56, помещ. 13, 14, 15 (этаж 9)",Пензенская область,Приволжский ФО,219
152,True,СРО-С-153-25122009,Саморегулируемая организация «Союз профессиональных строителей»,"163000, г. Архангельск, пр. Чумбарова-Лучинского, д. 10, корп.1",Архангельская область,Северо-Западный ФО,220
153,True,СРО-С-154-25122009,Ассоциация Саморегулируемая организация «Региональное объединение строителей «СОЮЗ»,"680000, г.Хабаровск, Уссурийский бульвар, 15",Хабаровский край,Дальневосточный ФО,221
154,False,СРО-С-155-25122009,Саморегулируемая организация «Межрегиональное объединение строительных организаций «Ассоциация ОборонСтрой»,"109428, г. Москва, ул. 2-я Институтская, д. 6",Москва,Москва,222
155,True,СРО-С-156-25122009,Ассоциация «Саморегулируемая организация строителей Воронежской области - региональное отраслевое объединение работодателей «Партнеры»,"394049, г. Воронеж, ул. Багрицкого, 1.",Воронежская область,Центральный ФО,223
156,True,СРО-С-157-25122009,Саморегулируемая организация Союз «Строители Петербурга»,"190121, г. Санкт-Петербург, наб. канала Грибоедова, д. 130, литер А, пом. 1-Н",Санкт-Петербург,Санкт-Петербург,224
157,True,СРО-С-158-25122009,Саморегулируемая организация Ассоциация строителей «СТРОЙ-АЛЬЯНС»,"119435, г. Москва, ул. М. Пироговская, д. 14, стр. 1, этаж 5.",Москва,Москва,225
158,True,СРО-С-159-25122009,Ассоциация «Саморегулируемая организация «Республиканское объединение строителей Алании»,"362002, Северная Осетия - Алания Респ, г. Владикавказ, ул. Чкалова, д. 41, корп. А",Республика Северная Осетия — Алания,Северо-Кавказский ФО,226
159,True,СРО-С-160-25122009,Ассоциация Саморегулируемая организация «Строй Форум»,"603000, Нижегородская область, г. Нижний Новгород, ул. Костина, д. 3, пом.13",Нижегородская область,Приволжский ФО,227
160,True,СРО-С-161-25122009,Союз «Саморегулируемая организация «Организация профессиональных участников строительного рынка»,"628615, Ханты-Мансийский автономный округ - Югра, г. Нижневартовск, ул. Северная, д. 54А, стр. 1.",Ханты-Мансийский автономный округ - Югра,Уральский ФО,228
161,False,СРО-С-162-28122009,"Ассоциация ""Объединение строителей ""МОНОЛИТ""","127018, Москва, улица Ямская 2-я, д. 2, офис 202.",Москва,Москва,229
162,True,СРО-С-163-28122009,Саморегулируемая ассоциация «Красноярские строители»,"660075, г. Красноярск, ул. Северо-Енисейская, д.44Г, пом. 150",Красноярский край,Сибирский ФО,230
163,True,СРО-С-164-29122009,Ассоциация «Профессиональная строительная группа»,"101000, г. Москва, вн. тер. г. муниципальный округ Басманный, б-р Чистопрудный,  д. 11, стр. 1, помещ. 601/3",Москва,Москва,231
164,True,СРО-С-165-29122009,Ассоциация  «Приволжская гильдия строителей»,"603005, г. Нижний Новгород, ул. Пискунова, д. 29, офис 31",Нижегородская область,Приволжский ФО,232
165,True,СРО-С-166-30122009,Союз «Уральское объединение строителей»,"620109, Россия, Свердловская область, г.Екатеринбург, ул.Токарей, д.68, оф.201",Свердловская область,Уральский ФО,233
166,True,СРО-С-167-11012010,Союз «Саморегулируемая организация «Дорожники  и строители Алтая»,"656049, Алтайский край, г. Барнаул, ул. Пролетарская, д.146 а, оф. 103",Алтайский край,Сибирский ФО,234
167,True,СРО-С-168-11012010,Ассоциация Саморегулируемая организация «Гильдия Пермских Строителей»,"614000, г.Пермь, ул. Г.Хасана 7а, оф. 140",Пермский край,Приволжский ФО,235
168,True,СРО-С-169-11012010,Ассоциация Саморегулируемая организация «Строительный альянс Северо-Запада»,"192148, г. Санкт-Петербург, ул. Седова, д.49, литер А, пом. 3Н",Санкт-Петербург,Санкт-Петербург,236
169,True,СРО-С-170-13012010,Союз «Саморегулируемая организация «Межрегиональный альянс строителей»,"350000, Россия, Краснодарский край, г. Краснодар, ул. Пашковская, д. 99, пом. 1",Краснодарский край,Южный ФО,237
170,True,СРО-С-171-13012010,Саморегулируемая организация Союз «Строители Урала»,"614068, Пермский край, г. Пермь, ул. Петропавловская, д.123",Пермский край,Приволжский ФО,238
171,True,СРО-С-172-13012010,Ассоциация саморегулируемая организация «Объединение строителей объектов топливно-энергетического комплекса «Нефтегазстрой-Альянс»,"107045, г. Москва, Ананьевский переулок, д. 5, стр.3",Москва,Москва,239
172,True,СРО-С-173-14012010,Саморегулируемая организация - Ассоциация «Псковский строительный комплекс»,"180024, г. Псков, ул. Кузбасской Дивизии, д. 24а, пом. 1004",Псковская область,Северо-Западный ФО,240
173,True,СРО-С-174-14012010,Ассоциация Саморегулируемая организация «Гильдия строителей Республики Марий Эл»,"424038, Республика Марий Эл, г. Йошкар-Ола, ул. Петрова, д. 28",Республика Марий Эл,Приволжский ФО,241
174,True,СРО-С-175-14012010,Союз строителей Cаморегулируемая организация «Дальмонтажстрой»,"690001, Приморский край, г. Владивосток, ул. Пушкинская, д.35, оф.2",Приморский край,Дальневосточный ФО,242
175,True,СРО-С-176-18012010,Ассоциация «Саморегулируемая организация  «Объединение строителей Калужской области»,"248010, г. Калуга, ул. Пухова, д. 23А, офис 297",Калужская область,Центральный ФО,243
176,False,СРО-С-177-18012010,Некоммерческое партнерство «Единое Межрегиональное Строительное Объединение»,"115093, г. Москва, Подольское ш. д. 8, корпус 5, офис 303",Москва,Москва,244
177,False,СРО-С-178-19012010,Ассоциация Саморегулируемая организация «Межрегиональная организация Содружество профессиональных строителей»,"125009, г. Москва, Георгиевский переулок, д.1, стр.1",Москва,Москва,245
178,True,СРО-С-179-20012010,Саморегулируемая организация Ассоциация «Союз Профессиональных Строителей Южного Региона»,"350015, Россия, Краснодарский край, г. Краснодар, ул. Коммунаров, д. 258",Краснодарский край,Южный ФО,246
179,True,СРО-С-180-20012010,Ассоциация Саморегулируемая организация «Межрегиональное объединение строительных компаний»,"197198, г. Санкт-Петербург, вн. тер. г. МО Петровский округ, Большой проспект П.С.,д. 18, лит. А, пом. 17-Н, оф.51",Санкт-Петербург,Санкт-Петербург,247
180,False,СРО-С-181-22012010,Саморегулируемая организация Ассоциация Строителей «Объединение строительных компаний «РУССТРОЙ»,"127521, г. Москва, 17-й проезд Марьиной рощи, д. 4, корп. 1, помещение XVIII (ком. 9)",Москва,Москва,248
181,True,СРО-С-182-22012010,Ассоциация «Жилищно-строительное объединение Мурмана»,"183038, г. Мурманск, пр-кт Ленина, д. 43",Мурманская область,Северо-Западный ФО,249
182,True,СРО-С-183-22012010,Саморегулируемая организация «Союз Строительных Компаний «ТАШИР»,"109028, г. Москва, ш. Дмитровское, вл. 163а, стр. 1",Москва,Москва,250
183,True,СРО-С-184-25012010,Ассоциация строителей Саморегулируемая организация «БашстройТЭК»,"450052, Республика Башкортостан, г. Уфа, ул. Гоголя, д. 53, корпус 1",Республика Башкортостан,Приволжский ФО,251
184,True,СРО-С-185-26012010,Ассоциация «Саморегулируемая организация «Объединение подрядных организаций»,"105066, г. Москва, ул. Новая Басманная, д.28, стр.1, помещ.8",Москва,Москва,252
185,False,СРО-С-186-26012010,"Некоммерческое партнёрство ""Межрегиональное объединение субъектов строительной деятельности ""Межрегионстандарт""","185034, Республика Карелия, г. Петрозаводск, ул. Судостроительная, д. 30",Республика Карелия,Северо-Западный ФО,350
186,True,СРО-С-187-26012010,Ассоциация строителей «Саморегулируемая организация «Строительные Допуски»,"105187, Москва, Окружной проезд, дом 15, корпус 2, этаж 4, помещение II, комната 7",Москва,Москва,253
187,False,СРО-С-188-28012010,Союз Строителей Москвы «Сварог»,"115114, г. Москва, ул. Дербеневская, д.1, стр.5, подъезд 47, офис 2",Москва,Москва,254
188,False,СРО-С-189-01022010,Некоммерческое партнерство «Союз строителей «РЕГИОН»,"620026, г. Екатеринбург, ул. Белинского, д. 83, 14 этаж, оф. 1404",Свердловская область,Уральский ФО,255
189,True,СРО-С-190-04022010,Саморегулируемая организация Ассоциация «Союз строителей Западной Сибири»,"656031,  Алтайский Край, г. Барнаул, проспект Строителей, д. 33, пом. Н2",Алтайский край,Сибирский ФО,256
190,True,СРО-С-191-04022010,Ассоциация «Саморегулируемая организация строительных компаний «МЕЖРЕГИОНСТРОЙ»,"300041, г. Тула, ул. Свободы, д. 60, оф. 23",Тульская область,Центральный ФО,257
191,False,СРО-С-192-04022010,Некоммерческое партнерство «Саморегулируемая организация «Гильдия профессиональных строителей»,"119121, г. Москва, 2-й Вражский переулок, д. 7",Москва,Москва,258
192,False,СРО-С-193-08022010,Ассоциация «Саморегулируемая организация ремонтно-строительных компаний»,"115184, Российская Федерация, г. Москва, Средний Овчинниковский пер., д. 12",Москва,Москва,259
193,True,СРО-С-194-08022010,Саморегулируемая организация Союз «Строители Приволжья»,"603000, г. Нижний Новгород,  площадь М. Горького, д. 4/2, офис 32",Нижегородская область,Приволжский ФО,260
194,True,СРО-С-195-09022010,Ассоциация Саморегулируемая организация «Московское объединение строительных предприятий малого и среднего предпринимательства – ОПОРА»,"124482, г. Москва, Зеленоград, Савелкинский проезд, д. 4, офис 1408",Москва,Москва,261
195,False,СРО-С-196-10022010,Ассоциация строительных организаций саморегулируемая организация «Межрегиональное качество»,"125047, г.  Москва, Оружейный пер., дом 15А",Москва,Москва,262
196,True,СРО-С-197-10032010,Саморегулируемая организация Ассоциация «Строители Башкирии»,"450059, Республика Башкортостан, г. Уфа, ул. Рихарда Зорге, д. 15, корп. 1, этаж 6",Республика Башкортостан,Приволжский ФО,263
197,True,СРО-С-198-12022010,Союз Саморегулируемая организация «Уральское жилищно-коммунальное строительство»,"454020, г. Челябинск, ул. Курчатова, 23Б, 11 этаж",Челябинская область,Уральский ФО,264
198,True,СРО-С-199-12022010,Ассоциация Саморегулируемая организация «Брянское Объединение Строителей»,"241519, Россия, Брянская область, Брянский район,пос. Путевка, ул. Рославльская, 7.",Брянская область,Центральный ФО,265
199,True,СРО-С-200-16022010,Ассоциация строителей «Саморегулируемая организация Санкт-Петербурга «Строительство. Инженерные системы»,"197342, г. Санкт-Петербург, ул.Сердобольская, д. 65 лит.А",Санкт-Петербург,Санкт-Петербург,266
200,True,СРО-С-201-19022010,Ассоциация «Саморегулируемая организация «Региональное объединение профессиональных строителей»,"143006, Московская область, г. Одинцово, ул. Союзная, д. 1""В"", офис 209",Московская область,Центральный ФО,267
201,False,СРО-С-202-19022010,Ассоциация строительных организаций «Стройспецмонтажсервис»,"123298, г. Москва, ул. 3-я Хорошевская, д. 18, корп. 2, оф. 313",Москва,Москва,268
202,True,СРО-С-203-24022010,Ассоциация Саморегулируемая организация «Объединение строителей Карелии»,"185030, Республика Карелия, г. Петрозаводск, ул. Загородная(Голиковка Р-Н), д. 15 А",Республика Карелия,Северо-Западный ФО,269
203,True,СРО-С-204-24022010,Ассоциация Саморегулируемая организация  «Региональное объединение строителей «Развитие»,"394016, Воронежская область, Воронеж, ул. 45 Стрелковой Дивизии, д. 110, неж. пом. 2, офис 1/1",Воронежская область,Центральный ФО,270
204,False,СРО-С-205-02032010,Ассоциация строителей «СтройРегион»,"188309, Ленинградская область, г. Гатчина, ул. Генерала Кныша, д. 8а",Ленинградская область,Северо-Западный ФО,271
205,True,СРО-С-206-09032010,Ассоциация «Объединение строительных организаций Татарстана»,"420111, Республика Татарстан, г. Казань, ул. Лево-Булачная, дом 24/20",Республика Татарстан,Приволжский ФО,272
206,True,СРО-С-207-09032010,Союз содействия в развитии строительства саморегулируемая организация «Объединение профессиональных строителей»,"420049, Республика Татарстан, г. Казань. Ул. Калинина, д.48, офис 414",Республика Татарстан,Приволжский ФО,273
207,True,СРО-С-208-19032010,Ассоциация Саморегулируемая организация «Объединение строителей Приокского региона»,"300028, г. Тула, ул. 9 Мая, д.3, офис 405",Тульская область,Центральный ФО,274
208,False,СРО-С-209-23032010,"Ассоциация ""Объединение строительных организаций ""ПромСтройЦентр""","115114, г. Москва, Дербеневская набережная, дом 11, помещение Б7, 79",Москва,Москва,275
209,True,СРО-С-210-24032010,Союз строителей саморегулируемая организация «ПромЖилСтрой»,"660075, г. Красноярск, ул. Маерчака, д. 3, пом. 100",Красноярский край,Сибирский ФО,276
210,True,СРО-С-211-25032010,Ассоциация «Саморегулируемая организация «Строители регионов»,"650070, Кемеровская область, г. Кемерово, пр-кт Молодежный, д. 17",Кемеровская область,Сибирский ФО,277
211,True,СРО-С-212-29032010,Ассоциация «Строители Подмосковья «ФЛАГМАН»,"144004, Московская область , г.Электросталь, ул. Победы, д. 6, корп. 5",Московская область,Центральный ФО,278
212,True,СРО-С-213-30032010,Ассоциация Саморегулируемая организация региональное отраслевое объединение работодателей «Орловское региональное объединение строителей»,"302028, г. Орёл, ул. Салтыкова-Щедрина, д. 35Б",Орловская область,Центральный ФО,279
213,False,СРО-С-214-05042010,Некоммерческое партнерство содействия повышению качества выполнения строительных работ «ЕДИНЫЙ СТАНДАРТ»,"127055, РФ, г. Москва, ул. Образцова, дом 14/2",Москва,Москва,280
214,False,СРО-С-215-08042010,Саморегулируемая организация Ассоциация «Альянс предприятий строительного комплекса»,"344022, Ростовская область, г. Ростов-на-Дону, ул. Большая Садовая, д.150, ком.8",Ростовская область,Южный ФО,281
215,False,СРО-С-216-09042010,"СРО Союз ""Строители нефтяной отрасли Северо-Запада""","г. Санкт-Петербург, ул. Большая Монетная, д.16, корп.1 лит В, 4 этаж",Санкт-Петербург,Санкт-Петербург,282
216,True,СРО-С-217-19042010,Ассоциация «Саморегулируемая организация «Межрегиональный Альянс Строителей»,"142845, Московская область, Ступинский район, сельское поселение Семеновское, Прудно, улица Лопасненская, д. 18.",Московская область,Центральный ФО,283
217,False,СРО-С-218-20042010,"Некоммерческое партнёрство ""КубаньСтройОбъединение""","350059, г. Краснодар, ул. Тихорецкая, д. 5, стр. 1",Краснодарский край,Южный ФО,352
218,True,СРО-С-219-21042010,Саморегулируемая организация Ассоциация «Объединение Специализированных Организаций Профессиональные Строители»,"143409, Московская область, Красногорский район, г. Красногорск, ул. Братьев Горожанкиных, д. 18, пом. 7.",Московская область,Центральный ФО,284
219,False,СРО-С-220-28042010,"Некоммерческое партнёрство ""Объединение организаций, выполняющих строительство, реконструкцию и капитальный ремонт""РЕГИОНСТРОЙСЕРВИС""","115162, г. Москва, ул. Лестева, д. 18",Москва,Москва,351
220,True,СРО-С-221-30042010,Ассоциация Саморегулируемая  организация «Содружество Строителей»,"192019, Санкт-Петербург, ул. Седова, дом 11, литер А, офис 639",Санкт-Петербург,Санкт-Петербург,285
221,False,СРО-С-222-30042010,Саморегулируемая организация Ассоциация «Первое Поволжское Строительное Объединение»,"422701,  Республика Татарстан,  р-н Высокогорский,  с. Высокая Гора,  ул. Б. Красная,  д. 178Б",Республика Татарстан,Приволжский ФО,286
222,False,СРО-С-223-14052010,Саморегулируемая организация Ассоциация Региональное отраслевое объединение работодателей «Строительное региональное партнерство»,"236040, Калининградская область, г. Калининград, ул. Черняховского, д. 6, каб. 116",Калининградская область,Северо-Западный ФО,287
223,False,СРО-С-224-03062010,Ассоциация саморегулируемая организация «Профессиональный Строительный Союз»,"215500, Смоленская обл. , г. Сафоново, ул. Гагарина, д. 10",Смоленская область,Центральный ФО,288
224,True,СРО-С-225-03062010,Ассоциация «Саморегулируемая организация «Объединение строителей Ярославской области»,"150040, г. Ярославль, ул. Некрасова, д. 39Б, оф.2",Ярославская область,Центральный ФО,289
225,True,СРО-С-226-15062010,Ассоциация «Экологического Строительства»,"357500, Ставропольский край, г. Пятигорск, пр. Калинина, д. 17",Ставропольский край,Северо-Кавказский ФО,290
226,True,СРО-С-227-01072010,Саморегулируемая организация Ассоциация строительных организаций «Поддержки организаций строительной отрасли»,"107078, г. Москва, ул. Мясницкая, д. 48, БЦ «Мясницкая Плаза», этаж 5, помещение I, комната №1",Москва,Москва,291
227,False,СРО-С-228-20072010,Ассоциация «Саморегулируемая организация «Межрегиональная Строительная Группа»,"620014, Свердловская обл., г. Екатеринбург, Чернышевского ул., д. 16, офис 408",Свердловская область,Уральский ФО,292
228,True,СРО-С-229-29072010,Саморегулируемая организация Ассоциация строителей «Альянс строителей профессионалов»,"121087, г. Москва, Багратионовский проезд, дом 7, корпус 1, этаж 4, помещение 444-445",Москва,Москва,293
229,True,СРО-С-230-07092010,Ассоциация содействия реставрации и возрождению национального архитектурного наследия «Архитектурное наследие»,"107023, Москва, улица Большая Семёновская,  дом 49, помещение IV, комната 3,9",Москва,Москва,294
230,True,СРО-С-231-14122010,Ассоциация строительных компаний Саморегулируемая организация «Высотный Строительный Комплекс»,"196247, г. Санкт-Петербург, Муниципальный округ Новоизмайловское ВН.ТЕР.Г., Ленинский пр-кт, д. 160, лит. А, Ч.П. 27-Н",Санкт-Петербург,Санкт-Петербург,295
231,False,СРО-С-232-28012011,Ассоциация «Саморегулируемая организация «Инженер-строитель»,"196084, РФ, г. Санкт-Петербург, ул. Коли Томчака, д. 17-19, лит. А, оф. 201",Санкт-Петербург,Санкт-Петербург,296
232,False,СРО-С-233-02022011,Саморегулируемая организация Ассоциация «Региональное отраслевое объединение работодателей – Единый межотраслевой строительный центр»,"127238, г. Москва, Локомотивный проезд, д.21 стр.5 , этаж  6, пом.1, ком. 7",Москва,Москва,297
233,True,СРО-С-234-07022011,Ассоциация строителей «Строители железнодорожных комплексов»,"188309, Ленинградская обл, г. Гатчина, ул. Генерала Кныша, д. 8а",Ленинградская область,Северо-Западный ФО,298
234,False,СРО-С-235-09022011,"«АССОЦИАЦИЯ ЗАКАЗЧИКОВ-ЗАСТРОЙЩИКОВ И ОРГАНИЗАЦИЙ, ОСУЩЕСТВЛЯЮЩИХ СТРОИТЕЛЬНЫЙ КОНТРОЛЬ, ПОДРЯДНЫЕ И ГЕНПОДРЯДНЫЕ РАБОТЫ»","117418, Москва, ул. Новочеремушкинская, д. 50, корп. 3, оф. 101-102",Москва,Москва,299
235,False,СРО-С-236-22042011,Союз организаций строительной отрасли «Строительный ресурс»,"188760, Ленинградская область, г. Приозерск, ул. Калинина, д.11",Ленинградская область,Северо-Западный ФО,300
236,False,СРО-С-237-19052011,Ассоциация Саморегулируемая организация «Национальное сообщество строителей»,"125373, г. Москва, Походный проезд, д. 4, стр. 2, оф. 8",Москва,Москва,301
237,False,СРО-С-238-16062011,Ассоциация «Объединение строителей Топливно-Энергетического Комплекса»,"614068, Пермский край, г. Пермь, ул. Плеханова, д. 39",Пермский край,Приволжский ФО,302
238,False,СРО-С-239-28092011,Ассоциация саморегулируемая организация «Профессиональный альянс строителей Ульяновской области»,"432000, Ульяновская область, г. Ульяновск, ул. Радищева, д. 30",Ульяновская область,Приволжский ФО,303
239,True,СРО-С-240-17112011,Ассоциация Саморегулируемая организация «Объединение строителей «ЭНЕРГОТЕХМОНТАЖ-СТРОЙ»,"119270, г. Москва, Фрунзенская набережная, д. 48, помещение IX",Москва,Москва,304
240,False,СРО-С-241-13012012,Саморегулируемая организация Ассоциация строительных организаций «ОПОРА-Строй»,"197046, г. Санкт-Петербург, ул. Чапаева, д. 5, литер А, офис 208",Санкт-Петербург,Санкт-Петербург,305
241,False,СРО-С-242-13022012,"Ассоциация строителей ""Строительные ресурсы""","141707. Московская область, г. Долгопрудный, Лихачевский проезд, д. 4, стр. 1.",Московская область,Центральный ФО,306
242,False,СРО-С-243-09042012,Ассоциация строителей Cаморегулируемая организация «Региональное Объединение Строительных Организаций»,"119049, г. Москва, Крымский вал, д. 3, стр. 2, помещение II,ком. 1",Москва,Москва,307
243,False,СРО-С-244-13042012,Саморегулируемая организация Ассоциация «Объединение организаций строительного комплекса»,"123001, г. Москва, улица Спиридоновка, дом 16, строение 1.",Москва,Москва,308
244,False,СРО-С-245-16042012,Ассоциация строителей «Лучшие технологии строительства»,"236000, Калининградская область, г. Калининград, Проспект Мира, д. 49/51, литер XVII ИЗ лит. IX, A",Калининградская область,Северо-Западный ФО,309
245,True,СРО-С-246-13062012,Ассоциация содействия строительным организациям «Национальный альянс строителей»,"141707, Московская область, г. Долгопрудный, Лихачевский проезд, д. 4, стр. 1",Московская область,Центральный ФО,310
246,False,СРО-С-247-20062012,Ассоциация «Саморегулируемая организация «Международное строительное объединение»,"308027, г. Белгород, ул. Апанасенко, д. 97, пом.1",Белгородская область,Центральный ФО,311
247,False,СРО-С-248-25062012,"Саморегулируемая организация Некоммерческое партнёрство ""Добровольное строительное товарищество ""Центр специального строительства и ремонта""","119019, Москва, ул. Иерусалимская, д. 3, оф. 1",Москва,Москва,312
248,False,СРО-С-249-12072012,"Ассоциация Саморегулируемая организация ""Генеральный альянс строительных организаций""","115280, г. Москва, ул. Ленинская Слобода, д. 26, пом. XIX, комн. 18",Москва,Москва,313
249,False,СРО-С-250-26072012,"Ассоциация строителей ""Региональный строительный альянс""","115035, г. Москва, Софийская набережная, д. 30, стр. 3",Москва,Москва,314
250,False,СРО-С-251-03082012,"Некоммерческое партнёрство строителей ""ГлавСтрой""","191119, г. Санкт-Петербург, ул. Воронежская д.5, лит. А, оф.141",Санкт-Петербург,Санкт-Петербург,315
251,False,СРО-С-252-03092012,"Ассоциация  ""Межрегиональное объединение строительных организаций ""Солидарность""","125212, г. Москва, Кронштадтский бульвар, дом 7А, стр. 1",Москва,Москва,316
252,True,СРО-С-253-05092012,Саморегулируемая организация Ассоциация строителей «Межрегионстройальянс»,"142000, Московская обл., г.Домодедово, микрорайон Северный, ул.Лесная, д.8",Московская область,Центральный ФО,317
253,False,СРО-С-254-03102012,"Саморегулируемая организация Союз Строителей ""Межрегиональная Ассоциация по Строительству, Ремонту и Техническому Надзору""","119049, г. Москва, ул. Донская, д. 4, стр. 3, оф. 402.",Москва,Москва,318
254,False,СРО-С-255-19102012,Ассоциация «Саморегулируемая организация Некоммерческое партнерство Объединение Строителей «ОсноваСтрой»,"199004, г. Санкт-Петербург, 6-я линия В.О., д. 23, лит. А, ком. 312",Санкт-Петербург,Санкт-Петербург,319
255,False,СРО-С-256-19102012,Ассоциация «СтройИндустрия»,"188309, Ленинградская обл., г. Гатчина, ул. Генерала Кныша, д. 8А, пом. 17",Ленинградская область,Северо-Западный ФО,320
256,False,СРО-С-257-12122012,Ассоциация строителей «Импульс»,"192012, г. Санкт-Петербург, пер. 3-й Рабфаковский, д. 5, корп. 4, литера А, оф. 4.1",Санкт-Петербург,Санкт-Петербург,321
257,True,СРО-С-258-11012013,Ассоциация «Субъектов Строительной Сферы «Гарантия Оптимальных Строительных Технологий»,"191023, Санкт-Петербург, улица Садовая, дом 26, литера «А», пом. № 31, № 35 (часть пом.), № 36.",Санкт-Петербург,Санкт-Петербург,322
258,False,СРО-С-259-15012013,САМОРЕГУЛИРУЕМАЯ ОРГАНИЗАЦИЯ НЕКОММЕРЧЕСКОЕ ПАРТНЕРСТВО «Региональное объединение строителей «РОСТ»,"109316, г. Москва, ул. Талалихина, дом 8, оф. 9",Москва,Москва,323
259,True,СРО-С-260-29012013,Ассоциация «Первое строительное объединение»,"344002,  г. Ростов-на-Дону, ул. Социалистическая, д. 74, офис 805",Ростовская область,Южный ФО,324
260,False,СРО-С-261-06022013,Ассоциация строителей «Строительно-Индустриальное объединение»,"350020, Краснодарский край, г. Краснодар, ул. Шоссе Нефтяников, д.9, офис 22.",Краснодарский край,Южный ФО,325
261,False,СРО-С-262-11022013,"Ассоциация саморегулируемая организация строителей ""Передовые строительные технологии""","105078, г. Москва, ул. Новая Басманная, дом 12, строение 2",Москва,Москва,326
262,False,СРО-С-263-20032013,Союз «Региональное объединение строителей Санкт-Петербурга»,"199034, г. Санкт-Петербург, ул. 6-я линия В.О., дом 1/25, лит. А, пом. 8Н",Санкт-Петербург,Санкт-Петербург,327
263,False,СРО-С-264-03042013,СОЮЗ «Саморегулируемая организация «Межрегиональная Ассоциация инженеров-строителей»,"115054, г. Москва, Б. Строченовский пер., д. 7, оф. 802",Москва,Москва,328
264,True,СРО-С-265-10042013,Ассоциация строителей саморегулируемая организация «Объединение строительных организаций «ЭкспертСтрой»,"107078, Москва г, Орликов пер, д. 4, эт. 2, пом. I, ком.6",Москва,Москва,329
265,False,СРО-С-266-16042013,Ассоциация строительных компаний «Саморегулируемая организация «Союз строителей»,"625003, Тюменская область, г.Тюмень, ул.Ленина, д.2А",Тюменская область,Уральский ФО,330
266,False,СРО-С-267-16052013,"Некоммерческое партнерство Содействие по повышению качества строительных работ ""Национальный Альянс Строителей""","119121, г. Москва, ул. Смоленская, д. 7, пом.1",Москва,Москва,331
267,False,СРО-С-268-29052013,Ассоциация Саморегулируемая организация «Инновационное объединение строителей»,"390047, Рязанская область, г. Рязань, Куйбышевское ш., д. 25, стр. 4А, 2 этаж",Рязанская область,Центральный ФО,332
268,True,СРО-С-269-03072013,Ассоциация «Саморегулируемая организация «Добровольное Объединение Строителей»,"160000, Вологодская область, г. Вологда, ул. Зосимовская,  д. 9, помещ. 19, лит. А1",Вологодская область,Северо-Западный ФО,333
269,False,СРО-С-270-05082013,Ассоциация саморегулируемая организация строителей особо опасных и технически сложных объектов  «Спецстройнадзор»,"119034, г. Москва, ул. Кропоткинский переулок, д. 4.",Москва,Москва,334
270,False,СРО-С-271-14102013,Саморегулируемая организация Некоммерческое партнерство «Союз строителей нефтегазовой отрасли»,"127254, г. Москва, ул. Добролюбова, д. 16, стр. 1",Москва,Москва,335
271,False,СРО-С-272-08112013,"Ассоциация ""РЕГИОНАЛЬНОЕ СОДРУЖЕСТВО СТРОИТЕЛЕЙ""","455038, Челябинская область, г. Магнитогорск, ул Зеленый лог, д. 54",Челябинская область,Уральский ФО,336
272,False,СРО-С-273-12022014,Ассоциация строителей «СТРОЙНОВАЦИЯ»,"129366, г. Москва, ул. Ярославская, д.13А, стр. 2",Москва,Москва,337
273,False,СРО-С-274-24022014,Саморегулируемая организация Ассоциация строителей «Строительный Альянс Монолит»,"115093, г. Москва, ул. Люсиновская, д. 36, стр. 2, оф. 2.10",Москва,Москва,338
274,False,СРО-С-275-07042014,"Ассоциация строителей саморегулируемая организация ""РегионСтройОбъединение""","115093, Москва, ул. Большая Серпуховская, д. 19/37, стр.4",Москва,Москва,339
275,False,СРО-С-276-21102014,Союз строителей саморегулируемая организация региональное объединение работодателей «СпецСтройСтандарт»,"121151, г. Москва, ул. Большая Дорогомиловская, д. 9 к.2, эт. 2, пом. 20-23",Москва,Москва,340
276,True,СРО-С-277-19022015,Саморегулируемая  организация - Ассоциация «СТРОИТЕЛИ КРЫМА»,"295013, Республика Крым, г. Симферополь, ул. Севастопольская, 41д, оф. 107",Республика Крым,Южный ФО,341
277,True,СРО-С-278-14122016,Саморегулируемая организация Ассоциация «Строители Ульяновска»,"432017, г. Ульяновск, ул. 12 Сентября, д. 123",Ульяновская область,Приволжский ФО,366
278,True,СРО-С-279-31032017,Саморегулируемая организация Региональная ассоциация «Строители ТПП РБ»,"670000, Республика Бурятия , г.  Улан-Удэ, ул. Ленина, д. 25",Республика Бурятия,Дальневосточный ФО,368
279,True,СРО-С-280-20062017,Ассоциация «Строительный комплекс Ленинградской области»,"188300, Ленинградская область, Гатчинский район, г. Гатчина, ул. Изотова, д. 10А, помещение 7",Ленинградская область,Северо-Западный ФО,369
280,True,СРО-С-281-20062017,Саморегулируемая организация Ассоциация «Строители Республики Бурятия»,"670000, Республика Бурятия, г. Улан-Удэ, ул. Балтахинова, д. 17, корпус ""Г"", офис 301",Республика Бурятия,Дальневосточный ФО,370
281,True,СРО-С-282-21062017,Ассоциация строительных организаций в области строительства и реконструкции «Строительный Инженерно-Логистический Альянс»,"109004, г. Москва, ул. Земляной Вал, д.68/18, стр.5",Москва,Москва,371
282,True,СРО-С-283-21062017,Ассоциация профессиональных строителей Сибири,"630005, Новосибирская область, г. Новосибирск, ул. Крылова, д. 36, офис 514",Новосибирская область,Сибирский ФО,372
283,True,СРО-С-284-21062017,Ассоциация строительных организаций Новосибирской области,"630007, Новосибирская область, г. Новосибирск, ул. Октябрьская магистраль, д. 2, офис 608",Новосибирская область,Сибирский ФО,373
284,True,СРО-С-285-15092017,Ассоциация Саморегулируемая организация «Объединение строителей Саратовской области»,"410031, Саратовская Область, г. Саратов, ул. Комсомольская, д. 46/1, этаж 2, оф. 202",Саратовская область,Приволжский ФО,382
285,True,СРО-С-286-15092017,Ассоциация Саморегулируемая организация «МЕЖРЕГИОНАЛЬНЫЙ СОЮЗ СТРОИТЕЛЕЙ ИНГУШЕТИИ»,"386101, Республика Ингушетия , г. Назрань, тер. Центральный округ, ул. Московская, д. 13Б, оф. 3",Республика Ингушетия,Северо-Кавказский ФО,383
286,True,СРО-С-287-15092017,Ассоциация саморегулируемая организация «Профессиональное объединение строителей»,"190103, г. Санкт-Петербург, Рижский проспект, д. 3,  литер Б, этаж 2, помещение 16,17,18,19,23",Санкт-Петербург,Санкт-Петербург,384
287,True,СРО-С-288-15092017,Ассоциация «Строители Омска»,"644043, Омская Область, г. Омск, ул. Красный Путь, д. 101, помещение 72П/5",Омская область,Сибирский ФО,385
288,True,СРО-С-289-26092017,Ассоциация строительных подрядчиков «Созидатели»,"183052, Мурманская Область, г. Мурманск, уч-к. Прибрежная автодорога, д. 17",Мурманская область,Северо-Западный ФО,386
289,True,СРО-С-290-13112017,Ассоциация «Саратовские строители»,"410004, Саратовская Область, г. Саратов, ул. Астраханская, д. 43, стр. 1, ком. 201",Саратовская область,Приволжский ФО,387
290,True,СРО-С-291-18012018,Ассоциация «Объединение строительных организаций «Волга»,"410056, Саратовская область, Саратов, ул. им. Шевченко Т.Г., д. 38/48, пом. 185",Саратовская область,Приволжский ФО,389
291,True,СРО-С-292-09022018,Союз «Черноморский Строительный Союз»,"350088, Краснодарский Край, г. Краснодар, ул. Сормовская, д. 204/6",Краснодарский край,Южный ФО,390
292,True,СРО-С-293-13032018,Ассоциация «Строители Волгоградского региона»,"400066, Волгоградская область, Волгоград, ул. Мира, д. 19, оф. 221",Волгоградская область,Южный ФО,391
293,True,СРО-С-294-18042018,Саморегулируемая организация Ассоциация «Сибирские Строители»,"634049, Томская область, г. Томск, ул. Иркутский тракт, д. 15, стр. 1, оф. 1",Томская область,Сибирский ФО,392
294,True,СРО-С-295-18042018,Ассоциация по содействию строительным организациям в осуществлении ими профессиональной деятельности «Альянс Строителей Столицы»,"121099, Москва, пер. Смоленский 1-й, д. 22/10, этаж 1, пом. I, комн. 1",Москва,Москва,393
295,True,СРО-С-296-18042018,Ассоциация «Саморегулируемая организация «Строительные организации Москвы»,"129626, г. Москва, ул. Староалексеевская, д. 5, пом. № 600",Москва,Москва,394
296,True,СРО-С-297-25042018,Ассоциация строителей Южного округа,"344000, Ростов-на-Дону, ул. Красноармейская, д. 145, оф. 604",Ростовская область,Южный ФО,395
297,True,СРО-С-298-26122018,Ассоциация в области строительства «Саморегулируемая организация «АЛЬЯНС СТРОИТЕЛЕЙ ПОДМОСКОВЬЯ»,"140005, Московская область, г. Люберцы, ул. Комсомольская, д.15а, эт. 2, комната № 2",Московская область,Центральный ФО,402
298,True,СРО-С-299-12042019,Саморегулируемая организация Ассоциация «Строители Нижней Волги»,"400005, Волгоградская Область, г. Волгоград, пр-кт. им В.И.Ленина, д. 86, оф. 323",Волгоградская область,Южный ФО,403
299,True,СРО-С-300-08052019,Ассоциация «Региональное объединение строителей «ЭРА»,"127521, г. Москва, 17-й проезд Марьиной Рощи, д. 4, корп. 1, помещение XVIII (ком. 9)",Москва,Москва,404
300,True,СРО-С-301-29102019,Ассоциация Саморегулируемая организация «Гарантия качества строительства»,"390047, Рязанская область, г. Рязань, ш. Куйбышевское, д. 25, стр. 4а",Рязанская область,Центральный ФО,407
301,True,СРО-С-302-14112019,Ассоциация «Саморегулируемая организация «Объединение строительных организаций Кемеровской области»,"650070,  Кемеровская область, г. Кемерово, пр-кт Молодежный,  д. 17",Кемеровская область,Сибирский ФО,408
302,True,СРО-С-303-22122020,Ассоциация «Петровское объединение строителей»,"190103, г. Санкт-Петербург, вн. тер. г., Муниципальный округ Екатерингофский, Рижский проспект, д. 3, литера Б, помещ. 8",Санкт-Петербург,Санкт-Петербург,410
303,True,СРО-С-304-15012021,Ассоциация Столичные строители,"105062, г. Москва, пер. Подсосенский, д. 23,  стр. 2, пом. 1",Москва,Москва,411
304,True,СРО-С-305-17022021,Ассоциация строителей Мурманской области,"183038, Мурманская область, Мурманск, Ленина пр-т, д. 43",Мурманская область,Северо-Западный ФО,412
305,True,СРО-С-306-03092021,Ассоциация строительных организаций «Центральное строительное объединение»,"123060, РФ, г. Москва, вн.тер.г. Муниципальный округ Щукино, ул. Маршала Рыбалко, д. 2, к. 9, этаж 9, помещ. 926, ком. 4",Москва,Москва,415
306,True,СРО-С-307-08092022,Ассоциация строителей «Региональное объединение строителей Московской области»,"141302, Московская область, г. Сергиев Посад, ул. Валовая, д. 26/24, оф. 12",Московская область,Центральный ФО,420
307,True,СРО-С-308-08092022,Ассоциация «Объединение Ростовских строителей»,"344002, Ростовская область, Г.О. Ростов-на-Дону, г. Ростов-на-Дону, ул. Красноармейская, д. 142/50, этаж 4, ком. 41а",Ростовская область,Южный ФО,421
